iso3,pais,ano,valor
BRB,Barbados,1960,230893
BRB,Barbados,1961,233148
BRB,Barbados,1962,235224
BRB,Barbados,1963,237557
BRB,Barbados,1964,239958
BRB,Barbados,1965,242417
BRB,Barbados,1966,244996
BRB,Barbados,1967,247091
BRB,Barbados,1968,248540
BRB,Barbados,1969,249444
BRB,Barbados,1970,249387
BRB,Barbados,1971,249168
BRB,Barbados,1972,249658
BRB,Barbados,1973,250322
BRB,Barbados,1974,250777
BRB,Barbados,1975,251175
BRB,Barbados,1976,251442
BRB,Barbados,1977,251626
BRB,Barbados,1978,251551
BRB,Barbados,1979,251269
BRB,Barbados,1980,251524
BRB,Barbados,1981,252270
BRB,Barbados,1982,253095
BRB,Barbados,1983,253992
BRB,Barbados,1984,254920
BRB,Barbados,1985,255820
BRB,Barbados,1986,256618
BRB,Barbados,1987,257279
BRB,Barbados,1988,257763
BRB,Barbados,1989,258109
BRB,Barbados,1990,258582
BRB,Barbados,1991,259373
BRB,Barbados,1992,260267
BRB,Barbados,1993,261027
BRB,Barbados,1994,261620
BRB,Barbados,1995,262039
BRB,Barbados,1996,262284
BRB,Barbados,1997,262392
BRB,Barbados,1998,262436
BRB,Barbados,1999,262517
BRB,Barbados,2000,262063
BRB,Barbados,2001,262425
BRB,Barbados,2002,264148
BRB,Barbados,2003,265776
BRB,Barbados,2004,267298
BRB,Barbados,2005,268706
BRB,Barbados,2006,270002
BRB,Barbados,2007,271288
BRB,Barbados,2008,272714
BRB,Barbados,2009,274123
BRB,Barbados,2010,275243
BRB,Barbados,2011,276139
BRB,Barbados,2012,276938
BRB,Barbados,2013,277665
BRB,Barbados,2014,278348
BRB,Barbados,2015,278990
BRB,Barbados,2016,279598
BRB,Barbados,2017,280171
BRB,Barbados,2018,280711
BRB,Barbados,2019,281207
BRB,Barbados,2020,281698
BRB,Barbados,2021,282147
BRB,Barbados,2022,282318
BRB,Barbados,2023,282336
BRB,Barbados,2024,282467
BRB,Barbados,2025,282623
COL,Colômbia,1960,15606209
COL,Colômbia,1961,16095203
COL,Colômbia,1962,16599029
COL,Colômbia,1963,17113823
COL,Colômbia,1964,17637411
COL,Colômbia,1965,18169050
COL,Colômbia,1966,18702688
COL,Colômbia,1967,19235618
COL,Colômbia,1968,19766796
COL,Colômbia,1969,20291942
COL,Colômbia,1970,20811782
COL,Colômbia,1971,21319096
COL,Colômbia,1972,21819563
COL,Colômbia,1973,22325374
COL,Colômbia,1974,22833469
COL,Colômbia,1975,23344644
COL,Colômbia,1976,23858810
COL,Colômbia,1977,24393494
COL,Colômbia,1978,24950337
COL,Colômbia,1979,25515626
COL,Colômbia,1980,26104498
COL,Colômbia,1981,26713267
COL,Colômbia,1982,27338331
COL,Colômbia,1983,27988173
COL,Colômbia,1984,28642690
COL,Colômbia,1985,29268470
COL,Colômbia,1986,29879112
COL,Colômbia,1987,30499467
COL,Colômbia,1988,31130524
COL,Colômbia,1989,31776279
COL,Colômbia,1990,32440069
COL,Colômbia,1991,33098372
COL,Colômbia,1992,33760571
COL,Colômbia,1993,34441473
COL,Colômbia,1994,35127410
COL,Colômbia,1995,35804662
COL,Colômbia,1996,36462745
COL,Colômbia,1997,37121149
COL,Colômbia,1998,37792165
COL,Colômbia,1999,38454863
COL,Colômbia,2000,39089934
COL,Colômbia,2001,39709262
COL,Colômbia,2002,40324680
COL,Colômbia,2003,40937429
COL,Colômbia,2004,41543171
COL,Colômbia,2005,42128977
COL,Colômbia,2006,42691084
COL,Colômbia,2007,43235374
COL,Colômbia,2008,43758808
COL,Colômbia,2009,44271541
COL,Colômbia,2010,44777319
COL,Colômbia,2011,45259614
COL,Colômbia,2012,45715810
COL,Colômbia,2013,46151584
COL,Colômbia,2014,46565429
COL,Colômbia,2015,46969940
COL,Colômbia,2016,47437512
COL,Colômbia,2017,48131078
COL,Colômbia,2018,49024465
COL,Colômbia,2019,49907985
COL,Colômbia,2020,50629997
COL,Colômbia,2021,51188173
COL,Colômbia,2022,51737944
COL,Colômbia,2023,52321152
COL,Colômbia,2024,52886363
COL,Colômbia,2025,53425635
CRI,Costa Rica,1960,1327496
CRI,Costa Rica,1961,1377920
CRI,Costa Rica,1962,1429445
CRI,Costa Rica,1963,1481604
CRI,Costa Rica,1964,1533960
CRI,Costa Rica,1965,1586208
CRI,Costa Rica,1966,1638116
CRI,Costa Rica,1967,1689523
CRI,Costa Rica,1968,1739731
CRI,Costa Rica,1969,1789276
CRI,Costa Rica,1970,1838949
CRI,Costa Rica,1971,1888539
CRI,Costa Rica,1972,1938248
CRI,Costa Rica,1973,1988343
CRI,Costa Rica,1974,2039643
CRI,Costa Rica,1975,2092719
CRI,Costa Rica,1976,2147774
CRI,Costa Rica,1977,2205025
CRI,Costa Rica,1978,2264510
CRI,Costa Rica,1979,2326490
CRI,Costa Rica,1980,2390633
CRI,Costa Rica,1981,2456637
CRI,Costa Rica,1982,2524806
CRI,Costa Rica,1983,2595153
CRI,Costa Rica,1984,2667595
CRI,Costa Rica,1985,2741894
CRI,Costa Rica,1986,2817216
CRI,Costa Rica,1987,2892699
CRI,Costa Rica,1988,2968103
CRI,Costa Rica,1989,3043827
CRI,Costa Rica,1990,3121706
CRI,Costa Rica,1991,3202176
CRI,Costa Rica,1992,3284258
CRI,Costa Rica,1993,3367434
CRI,Costa Rica,1994,3451122
CRI,Costa Rica,1995,3535176
CRI,Costa Rica,1996,3619013
CRI,Costa Rica,1997,3701711
CRI,Costa Rica,1998,3782838
CRI,Costa Rica,1999,3862101
CRI,Costa Rica,2000,3937739
CRI,Costa Rica,2001,4008947
CRI,Costa Rica,2002,4075705
CRI,Costa Rica,2003,4138784
CRI,Costa Rica,2004,4200078
CRI,Costa Rica,2005,4261240
CRI,Costa Rica,2006,4321340
CRI,Costa Rica,2007,4380248
CRI,Costa Rica,2008,4440056
CRI,Costa Rica,2009,4499791
CRI,Costa Rica,2010,4555962
CRI,Costa Rica,2011,4609833
CRI,Costa Rica,2012,4663934
CRI,Costa Rica,2013,4716147
CRI,Costa Rica,2014,4767119
CRI,Costa Rica,2015,4818038
CRI,Costa Rica,2016,4866998
CRI,Costa Rica,2017,4913177
CRI,Costa Rica,2018,4957818
CRI,Costa Rica,2019,4999553
CRI,Costa Rica,2020,5034320
CRI,Costa Rica,2021,5059988
CRI,Costa Rica,2022,5081765
CRI,Costa Rica,2023,5105525
CRI,Costa Rica,2024,5129910
CRI,Costa Rica,2025,5152950
DOM,República Dominicana,1960,3268336
DOM,República Dominicana,1961,3373233
DOM,República Dominicana,1962,3479936
DOM,República Dominicana,1963,3588287
DOM,República Dominicana,1964,3698559
DOM,República Dominicana,1965,3808963
DOM,República Dominicana,1966,3921847
DOM,República Dominicana,1967,4038928
DOM,República Dominicana,1968,4157189
DOM,República Dominicana,1969,4277035
DOM,República Dominicana,1970,4399290
DOM,República Dominicana,1971,4524234
DOM,República Dominicana,1972,4651883
DOM,República Dominicana,1973,4782227
DOM,República Dominicana,1974,4914197
DOM,República Dominicana,1975,5046776
DOM,República Dominicana,1976,5180404
DOM,República Dominicana,1977,5315443
DOM,República Dominicana,1978,5451882
DOM,República Dominicana,1979,5589690
DOM,República Dominicana,1980,5729037
DOM,República Dominicana,1981,5868453
DOM,República Dominicana,1982,6007114
DOM,República Dominicana,1983,6147248
DOM,República Dominicana,1984,6289040
DOM,República Dominicana,1985,6430404
DOM,República Dominicana,1986,6571208
DOM,República Dominicana,1987,6712515
DOM,República Dominicana,1988,6855734
DOM,República Dominicana,1989,7002295
DOM,República Dominicana,1990,7151166
DOM,República Dominicana,1991,7299853
DOM,República Dominicana,1992,7447474
DOM,República Dominicana,1993,7594572
DOM,República Dominicana,1994,7741694
DOM,República Dominicana,1995,7888115
DOM,República Dominicana,1996,8032894
DOM,República Dominicana,1997,8174078
DOM,República Dominicana,1998,8310362
DOM,República Dominicana,1999,8446208
DOM,República Dominicana,2000,8584190
DOM,República Dominicana,2001,8720283
DOM,República Dominicana,2002,8852235
DOM,República Dominicana,2003,8980620
DOM,República Dominicana,2004,9104892
DOM,República Dominicana,2005,9225034
DOM,República Dominicana,2006,9341183
DOM,República Dominicana,2007,9455658
DOM,República Dominicana,2008,9573130
DOM,República Dominicana,2009,9695265
DOM,República Dominicana,2010,9820175
DOM,República Dominicana,2011,9945621
DOM,República Dominicana,2012,10070411
DOM,República Dominicana,2013,10193833
DOM,República Dominicana,2014,10315528
DOM,República Dominicana,2015,10434829
DOM,República Dominicana,2016,10551430
DOM,República Dominicana,2017,10666843
DOM,República Dominicana,2018,10782053
DOM,República Dominicana,2019,10894043
DOM,República Dominicana,2020,11008300
DOM,República Dominicana,2021,11123476
DOM,República Dominicana,2022,11230734
DOM,República Dominicana,2023,11331265
DOM,República Dominicana,2024,11427557
DOM,República Dominicana,2025,11520487
JAM,Jamaica,1960,1650005
JAM,Jamaica,1961,1673261
JAM,Jamaica,1962,1696932
JAM,Jamaica,1963,1721099
JAM,Jamaica,1964,1745568
JAM,Jamaica,1965,1769192
JAM,Jamaica,1966,1791475
JAM,Jamaica,1967,1812865
JAM,Jamaica,1968,1833765
JAM,Jamaica,1969,1855127
JAM,Jamaica,1970,1878196
JAM,Jamaica,1971,1903728
JAM,Jamaica,1972,1931542
JAM,Jamaica,1973,1961219
JAM,Jamaica,1974,1990906
JAM,Jamaica,1975,2018981
JAM,Jamaica,1976,2045578
JAM,Jamaica,1977,2070657
JAM,Jamaica,1978,2094836
JAM,Jamaica,1979,2119486
JAM,Jamaica,1980,2145658
JAM,Jamaica,1981,2173818
JAM,Jamaica,1982,2203889
JAM,Jamaica,1983,2234832
JAM,Jamaica,1984,2264562
JAM,Jamaica,1985,2290656
JAM,Jamaica,1986,2312125
JAM,Jamaica,1987,2329813
JAM,Jamaica,1988,2345777
JAM,Jamaica,1989,2361916
JAM,Jamaica,1990,2379877
JAM,Jamaica,1991,2400869
JAM,Jamaica,1992,2424701
JAM,Jamaica,1993,2449916
JAM,Jamaica,1994,2475220
JAM,Jamaica,1995,2500151
JAM,Jamaica,1996,2524463
JAM,Jamaica,1997,2547848
JAM,Jamaica,1998,2569736
JAM,Jamaica,1999,2589795
JAM,Jamaica,2000,2607826
JAM,Jamaica,2001,2624403
JAM,Jamaica,2002,2640572
JAM,Jamaica,2003,2656623
JAM,Jamaica,2004,2672225
JAM,Jamaica,2005,2687066
JAM,Jamaica,2006,2700968
JAM,Jamaica,2007,2713800
JAM,Jamaica,2008,2725635
JAM,Jamaica,2009,2736995
JAM,Jamaica,2010,2748568
JAM,Jamaica,2011,2760494
JAM,Jamaica,2012,2772430
JAM,Jamaica,2013,2783687
JAM,Jamaica,2014,2793749
JAM,Jamaica,2015,2802534
JAM,Jamaica,2016,2809915
JAM,Jamaica,2017,2815764
JAM,Jamaica,2018,2820097
JAM,Jamaica,2019,2823271
JAM,Jamaica,2020,2830739
JAM,Jamaica,2021,2837682
JAM,Jamaica,2022,2839144
JAM,Jamaica,2023,2839786
JAM,Jamaica,2024,2839175
JAM,Jamaica,2025,2837077
LCN,América Latina e Caribe,1960,218624695
LCN,América Latina e Caribe,1961,224737321
LCN,América Latina e Caribe,1962,231038261
LCN,América Latina e Caribe,1963,237499676
LCN,América Latina e Caribe,1964,244080552
LCN,América Latina e Caribe,1965,250750949
LCN,América Latina e Caribe,1966,257488362
LCN,América Latina e Caribe,1967,264279682
LCN,América Latina e Caribe,1968,271127278
LCN,América Latina e Caribe,1969,278039112
LCN,América Latina e Caribe,1970,284995920
LCN,América Latina e Caribe,1971,292033454
LCN,América Latina e Caribe,1972,299187510
LCN,América Latina e Caribe,1973,306451409
LCN,América Latina e Caribe,1974,313798324
LCN,América Latina e Caribe,1975,321203546
LCN,América Latina e Caribe,1976,328673285
LCN,América Latina e Caribe,1977,336262441
LCN,América Latina e Caribe,1978,344000129
LCN,América Latina e Caribe,1979,351820083
LCN,América Latina e Caribe,1980,359713036
LCN,América Latina e Caribe,1981,367619244
LCN,América Latina e Caribe,1982,375568417
LCN,América Latina e Caribe,1983,383657148
LCN,América Latina e Caribe,1984,391832861
LCN,América Latina e Caribe,1985,400012327
LCN,América Latina e Caribe,1986,408172564
LCN,América Latina e Caribe,1987,416332693
LCN,América Latina e Caribe,1988,424525590
LCN,América Latina e Caribe,1989,432726590
LCN,América Latina e Caribe,1990,440958144
LCN,América Latina e Caribe,1991,449128999
LCN,América Latina e Caribe,1992,457245250
LCN,América Latina e Caribe,1993,465325731
LCN,América Latina e Caribe,1994,473328616
LCN,América Latina e Caribe,1995,481309028
LCN,América Latina e Caribe,1996,489235073
LCN,América Latina e Caribe,1997,497097004
LCN,América Latina e Caribe,1998,504952583
LCN,América Latina e Caribe,1999,512730984
LCN,América Latina e Caribe,2000,520272118
LCN,América Latina e Caribe,2001,527572583
LCN,América Latina e Caribe,2002,534691591
LCN,América Latina e Caribe,2003,541643365
LCN,América Latina e Caribe,2004,548455563
LCN,América Latina e Caribe,2005,555120780
LCN,América Latina e Caribe,2006,561751999
LCN,América Latina e Caribe,2007,568345245
LCN,América Latina e Caribe,2008,574908733
LCN,América Latina e Caribe,2009,581388129
LCN,América Latina e Caribe,2010,587752505
LCN,América Latina e Caribe,2011,594086829
LCN,América Latina e Caribe,2012,600420316
LCN,América Latina e Caribe,2013,606683307
LCN,América Latina e Caribe,2014,612849401
LCN,América Latina e Caribe,2015,618868462
LCN,América Latina e Caribe,2016,624737786
LCN,América Latina e Caribe,2017,630414986
LCN,América Latina e Caribe,2018,635778081
LCN,América Latina e Caribe,2019,640962372
LCN,América Latina e Caribe,2020,645498187
LCN,América Latina e Caribe,2021,649236092
LCN,América Latina e Caribe,2022,653108131
LCN,América Latina e Caribe,2023,657616519
LCN,América Latina e Caribe,2024,662185614
LCN,América Latina e Caribe,2025,666592570
PAN,Panamá,1960,1126005
PAN,Panamá,1961,1159870
PAN,Panamá,1962,1195301
PAN,Panamá,1963,1232124
PAN,Panamá,1964,1270065
PAN,Panamá,1965,1308835
PAN,Panamá,1966,1348388
PAN,Panamá,1967,1388628
PAN,Panamá,1968,1429447
PAN,Panamá,1969,1470886
PAN,Panamá,1970,1513070
PAN,Panamá,1971,1556081
PAN,Panamá,1972,1599723
PAN,Panamá,1973,1643690
PAN,Panamá,1974,1687926
PAN,Panamá,1975,1732389
PAN,Panamá,1976,1776935
PAN,Panamá,1977,1821543
PAN,Panamá,1978,1866311
PAN,Panamá,1979,1911552
PAN,Panamá,1980,1957534
PAN,Panamá,1981,2004418
PAN,Panamá,1982,2052271
PAN,Panamá,1983,2101106
PAN,Panamá,1984,2150782
PAN,Panamá,1985,2200915
PAN,Panamá,1986,2251325
PAN,Panamá,1987,2301970
PAN,Panamá,1988,2352848
PAN,Panamá,1989,2403820
PAN,Panamá,1990,2455583
PAN,Panamá,1991,2508265
PAN,Panamá,1992,2561336
PAN,Panamá,1993,2615099
PAN,Panamá,1994,2669546
PAN,Panamá,1995,2724557
PAN,Panamá,1996,2780227
PAN,Panamá,1997,2836695
PAN,Panamá,1998,2893914
PAN,Panamá,1999,2951822
PAN,Panamá,2000,3010369
PAN,Panamá,2001,3069537
PAN,Panamá,2002,3129344
PAN,Panamá,2003,3189807
PAN,Panamá,2004,3251155
PAN,Panamá,2005,3313026
PAN,Panamá,2006,3375024
PAN,Panamá,2007,3437490
PAN,Panamá,2008,3500648
PAN,Panamá,2009,3564381
PAN,Panamá,2010,3628535
PAN,Panamá,2011,3693505
PAN,Panamá,2012,3759256
PAN,Panamá,2013,3825329
PAN,Panamá,2014,3892101
PAN,Panamá,2015,3960035
PAN,Panamá,2016,4029086
PAN,Panamá,2017,4098707
PAN,Panamá,2018,4167860
PAN,Panamá,2019,4234700
PAN,Panamá,2020,4293261
PAN,Panamá,2021,4345405
PAN,Panamá,2022,4400773
PAN,Panamá,2023,4458759
PAN,Panamá,2024,4515577
PAN,Panamá,2025,4571189
TTO,Trinidad e Tobago,1960,844943
TTO,Trinidad e Tobago,1961,863144
TTO,Trinidad e Tobago,1962,880194
TTO,Trinidad e Tobago,1963,896804
TTO,Trinidad e Tobago,1964,912963
TTO,Trinidad e Tobago,1965,928425
TTO,Trinidad e Tobago,1966,942937
TTO,Trinidad e Tobago,1967,956418
TTO,Trinidad e Tobago,1968,969006
TTO,Trinidad e Tobago,1969,980706
TTO,Trinidad e Tobago,1970,991471
TTO,Trinidad e Tobago,1971,1002585
TTO,Trinidad e Tobago,1972,1014921
TTO,Trinidad e Tobago,1973,1027851
TTO,Trinidad e Tobago,1974,1040761
TTO,Trinidad e Tobago,1975,1053469
TTO,Trinidad e Tobago,1976,1066311
TTO,Trinidad e Tobago,1977,1079554
TTO,Trinidad e Tobago,1978,1093380
TTO,Trinidad e Tobago,1979,1107639
TTO,Trinidad e Tobago,1980,1121744
TTO,Trinidad e Tobago,1981,1135132
TTO,Trinidad e Tobago,1982,1147927
TTO,Trinidad e Tobago,1983,1160534
TTO,Trinidad e Tobago,1984,1172984
TTO,Trinidad e Tobago,1985,1187366
TTO,Trinidad e Tobago,1986,1203124
TTO,Trinidad e Tobago,1987,1217364
TTO,Trinidad e Tobago,1988,1230069
TTO,Trinidad e Tobago,1989,1241600
TTO,Trinidad e Tobago,1990,1252208
TTO,Trinidad e Tobago,1991,1262171
TTO,Trinidad e Tobago,1992,1271674
TTO,Trinidad e Tobago,1993,1280466
TTO,Trinidad e Tobago,1994,1288341
TTO,Trinidad e Tobago,1995,1295169
TTO,Trinidad e Tobago,1996,1300928
TTO,Trinidad e Tobago,1997,1305836
TTO,Trinidad e Tobago,1998,1310225
TTO,Trinidad e Tobago,1999,1314708
TTO,Trinidad e Tobago,2000,1319774
TTO,Trinidad e Tobago,2001,1325567
TTO,Trinidad e Tobago,2002,1332011
TTO,Trinidad e Tobago,2003,1338709
TTO,Trinidad e Tobago,2004,1345380
TTO,Trinidad e Tobago,2005,1294494
TTO,Trinidad e Tobago,2006,1297944
TTO,Trinidad e Tobago,2007,1303188
TTO,Trinidad e Tobago,2008,1308587
TTO,Trinidad e Tobago,2009,1310106
TTO,Trinidad e Tobago,2010,1317714
TTO,Trinidad e Tobago,2011,1328019
TTO,Trinidad e Tobago,2012,1335194
TTO,Trinidad e Tobago,2013,1340557
TTO,Trinidad e Tobago,2014,1345343
TTO,Trinidad e Tobago,2015,1349667
TTO,Trinidad e Tobago,2016,1353895
TTO,Trinidad e Tobago,2017,1356633
TTO,Trinidad e Tobago,2018,1359193
TTO,Trinidad e Tobago,2019,1363985
TTO,Trinidad e Tobago,2020,1366725
TTO,Trinidad e Tobago,2021,1367558
TTO,Trinidad e Tobago,2022,1365805
TTO,Trinidad e Tobago,2023,1367510
TTO,Trinidad e Tobago,2024,1368333
TTO,Trinidad e Tobago,2025,1367764
